user,account
Sudhakar,A1
Sudhakar,A2
Sudhakar,A3
Sudhakar,A4
Sudhakar,A5
Sudhakar,A6
Sudhakar,A7
Sudhakar,A8
Sudhakar,A9
Sudhakar,A10
Sudhakar,A11
Sudhakar,A12
Sudhakar,A13
Sudhakar,A14
Sudhakar,A15
Sudhakar,A16
Sudhakar,A17
Sudhakar,A18
Sudhakar,A19
Sudhakar,A20
Sudhakar,A21
Sudhakar,A22
Sudhakar,A23
Sudhakar,A24
Sudhakar,A25
Bob,B1
Bob,B2
Bob,B3
Bob,B4
Bob,B5
Bob,B6
Bob,B7
Bob,B8
Bob,B9
Bob,B10
Bob,B11
Bob,B12
Bob,B13
Bob,B14
Bob,B15
Bob,B16
Bob,B17
Bob,B18
Bob,B19
Bob,B20
Bob,B21
Bob,B22
Bob,B23
Bob,B24
Bob,B25
Bob,B26
Bob,B27
Bob,B28
Bob,B29
Bob,B30
Bob,B31
Bob,B32
Bob,B33
Bob,B34
Bob,B35
Bob,B36
Bob,B37
Bob,B38
Bob,B39
Bob,B40
Bob,B41
Bob,B42
Bob,B43
Bob,B44
Bob,B45
Bob,B46
Bob,B47
Bob,B48
Bob,B49
Bob,B50
Bob,B51
Bob,B52
Bob,B53
Bob,B54
Bob,B55
Bob,B56
Bob,B57
Bob,B58
Bob,B59
Bob,B60
Bob,B61
Bob,B62
Bob,B63
Bob,B64
Bob,B65
Bob,B66
Bob,B67
Bob,B68
Bob,B69
Bob,B70
Bob,B71
Bob,B72
Bob,B73
Bob,B74
Bob,B75
Bob,B76
Bob,B77
Bob,B78
Bob,B79
Bob,B80
Bob,B81
Bob,B82
Bob,B83
Bob,B84
Bob,B85
Bob,B86
Bob,B87
Bob,B88
Bob,B89
Bob,B90
Bob,B91
Bob,B92
Bob,B93
Bob,B94
Bob,B95
Bob,B96
Bob,B97
Bob,B98
Bob,B99
Bob,B100
Bob,B101
Bob,B102
Bob,B103
Bob,B104
Bob,B105
Bob,B106
Bob,B107
Bob,B108
Bob,B109
Bob,B110
Bob,B111
Bob,B112
Bob,B113
Bob,B114
Bob,B115
Bob,B116
Bob,B117
Bob,B118
Bob,B119
Bob,B120
Bob,B121
Bob,B122
Bob,B123
Bob,B124
Bob,B125
Bob,B126
Bob,B127
Bob,B128
Bob,B129
Bob,B130
Bob,B131
Bob,B132
Bob,B133
Bob,B134
Bob,B135
Bob,B136
Bob,B137
Bob,B138
Bob,B139
Bob,B140
Bob,B141
Bob,B142
Bob,B143
Bob,B144
Bob,B145
Bob,B146
Bob,B147
Bob,B148
Bob,B149
Bob,B150
Bob,B151
Bob,B152
Bob,B153
Bob,B154
Bob,B155
Bob,B156
Bob,B157
Bob,B158
Bob,B159
Bob,B160
Bob,B161
Bob,B162
Bob,B163
Bob,B164
Bob,B165
Bob,B166
Bob,B167
Bob,B168
Bob,B169
Bob,B170
Bob,B171
Bob,B172
Bob,B173
Bob,B174
Bob,B175
Bob,B176
Bob,B177
Bob,B178
Bob,B179
Bob,B180
Bob,B181
Priya,C1
Priya,C2
Priya,C3
Priya,C4
Priya,C5
Priya,C6
Priya,C7
Priya,C8
Priya,C9
Priya,C10
Priya,C11
Priya,C12
Priya,C13
Priya,C14
Priya,C15
Priya,C16
Priya,C17
Priya,C18
Priya,C19
Priya,C20
Priya,C21
Priya,C22
Priya,C23
Priya,C24
Priya,C25
Priya,C26
Priya,C27
Priya,C28
Priya,C29
Priya,C30
Priya,C31
Priya,C32
Priya,C33
Akash,D1
Akash,D2
Akash,D3
Akash,D4
Akash,D5
Akash,D6
Akash,D7
Akash,D8
Akash,D9
Akash,D10
Akash,D11
Akash,D12
Akash,D13
Akash,D14
Akash,D15
Akash,D16
Akash,D17
Akash,D18
Akash,D19
Akash,D20
Akash,D21
Akash,D22
Akash,D23
Akash,D24
Akash,D25
Akash,D26
Akash,D27
Akash,D28
Akash,D29
Akash,D30
Akash,D31
Akash,D32
Akash,D33
Akash,D34
Akash,D35
Akash,D36
Akash,D37
Akash,D38
Akash,D39
Akash,D40
Akash,D41
Akash,D42
Akash,D43
Akash,D44
Akash,D45
Akash,D46
Akash,D47
Akash,D48
Akash,D49
Akash,D50
Akash,D51
Akash,D52
Akash,D53
Akash,D54
Akash,D55
Akash,D56
Akash,D57
Akash,D58
Akash,D59
Akash,D60
Akash,D61
Akash,D62
Akash,D63
Akash,D64
Akash,D65
Akash,D66
Akash,D67
Akash,D68
Akash,D69
Akash,D70
Akash,D71
Akash,D72
Akash,D73
Akash,D74
Akash,D75
Akash,D76
Akash,D77
Akash,D78
Akash,D79
Akash,D80
Akash,D81
Akash,D82
Akash,D83
Akash,D84
Akash,D85
Akash,D86
Akash,D87
Akash,D88
Akash,D89
Akash,D90
Akash,D91
Akash,D92
Akash,D93
Akash,D94
Akash,D95
Akash,D96
Akash,D97
Akash,D98
Akash,D99
Akash,D100
Akash,D101
Akash,D102
Akash,D103
Akash,D104
Akash,D105
Akash,D106
Akash,D107
Akash,D108
Akash,D109
Akash,D110
Akash,D111
